﻿Designator,Footprint,Quantity,Value,LCSC Part #
A1,RaspberryPi_Pico_Common_SMD noantenna,1,RaspberryPi_Pico,
"D1, D10, D11, D12, D13, D14, D15, D16, D17, D18, D19, D2, D20, D21, D22, D23, D24, D25, D26, D27, D28, D29, D3, D30, D31, D32, D33, D34, D35, D36, D37, D38, D39, D4, D40, D41, D42, D43, D44, D45, D46, D47, D48, D49, D5, D50, D51, D52, D53, D54, D55, D56, D57, D58, D6, D7, D8, D9",0805,58,D,
M1,PinHeader_1x02_P1.00mm_Vertical,1,Vibration,
"SW1, SW2, SW3",RotaryEncoder_Alps_EC11E-Switch_Vertical_H20mm,3,RotaryEncoder_Switch,
"SW100, SW101, SW102, SW103, SW104, SW105, SW106, SW107, SW108, SW109, SW110, SW111, SW112, SW113, SW114, SW115, SW116, SW117, SW118, SW119, SW123, SW124, SW125, SW71, SW72, SW73, SW74, SW75, SW76, SW79, SW80, SW81, SW82, SW83, SW84, SW85, SW86, SW87, SW88, SW89, SW90, SW91, SW92, SW93, SW94, SW95, SW96, SW97, SW98, SW99",Hotswap_MX_1.00u,50,SW_Push,
SW120,Hotswap_MX_2.00u,1,SW_Push,
"SW121, SW122, SW77, SW78",Hotswap_MX_1.50u,4,SW_Push,
